{
  "name": "angular-route",
  "version": "1.5.3",
  "license": "MIT",
  "main": "./angular-route.js",
  "ignore": [],
  "dependencies": {
    "angular": "1.5.3"
  },
  "homepage": "https://github.com/angular/bower-angular-route",
  "_release": "1.5.3",
  "_resolution": {
    "type": "version",
    "tag": "v1.5.3",
    "commit": "750e4833612071d30993c8e4a547a6982eba3b84"
  },
  "_source": "https://github.com/angular/bower-angular-route.git",
  "_target": "^1.5.3",
  "_originalSource": "angular-route",
  "_direct": true
}